CaseId,Activity,Timestamp
76561198038797696,Welcome to Sgathan Dub,2020-12-23 21:49:13
76561198038797696,Running with scissors,2020-12-26 21:15:36
76561198038797696,Bette & Joan,2021-04-19 23:29:29
76561198038797696,Elevator Music,2021-04-17 21:53:00
76561198038797696,Profondo Rosso,2021-04-17 22:54:41
76561198038797696,Enter the Posel Smrti ,2021-04-19 23:47:20
76561198038797696,I can't breathe,2020-12-26 21:15:36
76561198038797696,I still can't breathe,2021-04-17 22:35:26
76561198038797696,False step made by standing still,2021-04-19 23:49:32
76561198038797696,20.000 miles under the sea,2021-04-17 00:12:37
76561198038797696,Roses are red Violets are blue,2021-04-17 22:34:51
76561198038797696,Caught a Ghost,2021-04-17 22:01:26
76561198038797696,We are not in Biddeford anymore,2021-04-19 23:18:52
76561198038797696,Just like Rodney,2021-04-19 23:40:26
76561198038797696,Chapter I completed,2020-12-26 21:15:36
76561198038797696,Chapter II completed,2021-04-17 00:20:37
76561198038797696,Chapter III completed,2021-04-17 23:07:28
76561198038797696,Chapter IV completed,2021-04-19 23:25:01
76561198038797696,Chapter V completed,2021-04-20 00:02:31
76561198038797696,Scratches or no scratches,2020-12-26 21:15:36
76561198039084215,Welcome to Sgathan Dub,2020-04-11 01:22:56
76561198039084215,Running with scissors,2020-04-13 03:12:51
76561198039084215,Bette & Joan,2021-04-18 19:57:48
76561198039084215,Elevator Music,2020-04-19 05:06:19
76561198039084215,Profondo Rosso,2021-04-18 18:01:19
76561198039084215,Enter the Posel Smrti ,2021-04-18 20:21:35
76561198039084215,I can't breathe,2020-04-13 03:34:05
76561198039084215,I still can't breathe,2021-04-18 06:53:55
76561198039084215,False step made by standing still,2021-04-18 20:46:48
76561198039084215,20.000 miles under the sea,2020-04-19 04:54:38
76561198039084215,Roses are red Violets are blue,2021-04-18 06:53:12
76561198039084215,Caught a Ghost,2020-04-19 05:10:44
76561198039084215,We are not in Biddeford anymore,2021-04-18 19:33:16
76561198039084215,Just like Rodney,2021-04-18 20:07:58
76561198039084215,Chapter I completed,2020-04-13 03:29:56
76561198039084215,Chapter II completed,2020-04-19 04:57:58
76561198039084215,Chapter III completed,2021-04-18 18:20:03
76561198039084215,Chapter IV completed,2021-04-18 19:41:02
76561198039084215,Chapter V completed,2021-04-18 23:04:25
76561198039084215,Eat well stay healthy,2020-04-13 03:37:38
76561198039084215,Scratches or no scratches,2020-04-13 02:57:31
76561198011064992,Welcome to Sgathan Dub,2020-10-22 22:42:05
76561198011064992,Running with scissors,2021-01-25 21:02:03
76561198011064992,Bette & Joan,2021-02-02 01:25:55
76561198011064992,Profondo Rosso,2021-01-31 14:00:57
76561198011064992,Enter the Posel Smrti ,2021-02-02 01:41:44
76561198011064992,I can't breathe,2021-01-25 21:11:54
76561198011064992,I still can't breathe,2021-01-31 03:06:07
76561198011064992,False step made by standing still,2021-02-02 01:43:53
76561198011064992,20.000 miles under the sea,2021-01-31 02:19:12
76561198011064992,Roses are red Violets are blue,2021-01-31 03:05:28
76561198011064992,Caught a Ghost,2021-01-31 02:51:50
76561198011064992,We are not in Biddeford anymore,2021-02-02 01:07:03
76561198011064992,Just like Rodney,2021-02-02 01:35:20
76561198011064992,Chapter I completed,2021-01-25 21:08:54
76561198011064992,Chapter II completed,2021-01-31 02:22:04
76561198011064992,Chapter III completed,2021-02-01 22:22:04
76561198011064992,Chapter IV completed,2021-02-02 01:14:43
76561198011064992,Chapter V completed,2021-02-02 02:40:59
76561198011064992,Eat well stay healthy,2021-01-30 22:39:27
76561198011064992,Scratches or no scratches,2021-01-25 02:15:33
76561197985150538,Welcome to Sgathan Dub,2020-10-08 01:40:25
76561197985150538,Running with scissors,2020-10-08 02:21:32
76561197985150538,Bette & Joan,2020-10-08 07:06:51
76561197985150538,Elevator Music,2020-10-08 04:36:45
76561197985150538,Profondo Rosso,2020-10-08 05:28:19
76561197985150538,Enter the Posel Smrti ,2020-10-08 07:19:02
76561197985150538,I can't breathe,2020-10-08 03:36:40
76561197985150538,I still can't breathe,2020-10-08 05:22:07
76561197985150538,False step made by standing still,2020-10-08 07:21:06
76561197985150538,20.000 miles under the sea,2020-10-08 04:27:14
76561197985150538,Roses are red Violets are blue,2020-10-08 05:21:28
76561197985150538,Caught a Ghost,2020-10-08 04:42:48
76561197985150538,We are not in Biddeford anymore,2020-10-08 06:44:53
76561197985150538,Just like Rodney,2020-10-08 07:13:26
76561197985150538,Chapter I completed,2020-10-08 03:33:57
76561197985150538,Chapter II completed,2020-10-08 04:29:50
76561197985150538,Chapter III completed,2020-10-08 05:56:38
76561197985150538,Chapter IV completed,2020-10-08 06:51:44
76561197985150538,Chapter V completed,2020-10-08 07:32:37
76561197985150538,Eat well stay healthy,2020-10-08 03:39:34
76561197985150538,Scratches or no scratches,2020-10-08 02:09:29
76561198122494192,Welcome to Sgathan Dub,2018-03-04 13:04:59
76561198122494192,Running with scissors,2018-03-04 20:56:29
76561198122494192,Bette & Joan,2018-03-24 13:52:29
76561198122494192,Profondo Rosso,2018-03-10 21:58:12
76561198122494192,Enter the Posel Smrti ,2018-03-24 21:47:11
76561198122494192,I can't breathe,2018-03-04 21:27:22
76561198122494192,I still can't breathe,2018-03-10 21:48:28
76561198122494192,False step made by standing still,2018-03-24 21:51:09
76561198122494192,20.000 miles under the sea,2018-03-05 20:37:23
76561198122494192,Roses are red Violets are blue,2018-03-10 21:47:45
76561198122494192,Caught a Ghost,2018-03-05 21:02:05
76561198122494192,We are not in Biddeford anymore,2018-03-11 00:27:59
76561198122494192,Just like Rodney,2018-03-24 14:10:30
76561198122494192,Chapter I completed,2018-03-04 21:22:50
76561198122494192,Chapter II completed,2018-03-05 20:40:55
76561198122494192,Chapter III completed,2018-03-10 22:28:19
76561198122494192,Chapter IV completed,2018-03-11 00:35:56
76561198122494192,Chapter V completed,2018-03-24 22:13:16
76561198122494192,Eat well stay healthy,2018-03-04 21:31:52
76561198122494192,Scratches or no scratches,2018-03-04 20:05:12
76561199055364932,Welcome to Sgathan Dub,2020-07-21 21:13:30
76561199055364932,Running with scissors,2020-07-23 00:29:51
76561199055364932,Bette & Joan,2020-07-23 23:49:42
76561199055364932,Elevator Music,2020-07-23 16:19:47
76561199055364932,Profondo Rosso,2020-07-23 16:41:18
76561199055364932,Enter the Posel Smrti ,2020-07-24 00:12:27
76561199055364932,I can't breathe,2020-07-23 00:50:56
76561199055364932,I still can't breathe,2020-07-23 15:55:43
76561199055364932,False step made by standing still,2020-07-24 00:15:37
76561199055364932,20.000 miles under the sea,2020-07-23 01:38:37
76561199055364932,Roses are red Violets are blue,2020-07-23 15:55:08
76561199055364932,Caught a Ghost,2020-07-23 16:22:24
76561199055364932,We are not in Biddeford anymore,2020-07-23 23:34:48
76561199055364932,Just like Rodney,2020-07-24 00:01:53
76561199055364932,Chapter I completed,2020-07-23 00:47:40
76561199055364932,Chapter II completed,2020-07-23 01:41:34
76561199055364932,Chapter III completed,2020-07-23 16:58:06
76561199055364932,Chapter IV completed,2020-07-23 23:42:30
76561199055364932,Chapter V completed,2020-07-24 00:31:46
76561199055364932,Eat well stay healthy,2020-07-23 00:53:28
76561199055364932,Scratches or no scratches,2020-07-22 23:49:59
76561198072226061,Welcome to Sgathan Dub,2020-07-11 05:28:39
76561198072226061,Running with scissors,2020-07-11 08:01:23
76561198072226061,Bette & Joan,2020-07-15 10:10:15
76561198072226061,Profondo Rosso,2020-07-15 07:15:47
76561198072226061,Enter the Posel Smrti ,2020-07-16 03:27:49
76561198072226061,I can't breathe,2020-07-11 08:24:20
76561198072226061,I still can't breathe,2020-07-15 06:44:53
76561198072226061,False step made by standing still,2020-07-16 03:31:08
76561198072226061,20.000 miles under the sea,2020-07-15 04:50:21
76561198072226061,Roses are red Violets are blue,2020-07-15 06:44:14
76561198072226061,Caught a Ghost,2020-07-15 05:56:07
76561198072226061,We are not in Biddeford anymore,2020-07-15 09:45:07
76561198072226061,Just like Rodney,2020-07-16 03:02:16
76561198072226061,Chapter I completed,2020-07-11 08:21:15
76561198072226061,Chapter II completed,2020-07-15 04:53:12
76561198072226061,Chapter III completed,2020-07-15 07:37:10
76561198072226061,Chapter IV completed,2020-07-15 09:52:52
76561198072226061,Chapter V completed,2020-07-16 03:48:31
76561198072226061,Eat well stay healthy,2020-07-15 02:58:05
76561198072226061,Scratches or no scratches,2020-07-11 06:05:19
76561198044815252,Welcome to Sgathan Dub,2018-08-25 08:26:34
76561198044815252,Running with scissors,2020-04-08 06:19:58
76561198044815252,Bette & Joan,2020-04-12 09:47:25
76561198044815252,Elevator Music,2020-04-11 11:12:57
76561198044815252,Profondo Rosso,2020-04-11 11:53:05
76561198044815252,Enter the Posel Smrti ,2020-04-12 10:05:15
76561198044815252,I can't breathe,2020-04-08 07:44:34
76561198044815252,I still can't breathe,2020-04-08 09:55:14
76561198044815252,False step made by standing still,2020-04-12 10:08:00
76561198044815252,20.000 miles under the sea,2020-04-08 08:53:15
76561198044815252,Roses are red Violets are blue,2020-04-08 09:54:38
76561198044815252,Caught a Ghost,2020-04-11 11:18:12
76561198044815252,We are not in Biddeford anymore,2020-04-11 13:28:57
76561198044815252,Just like Rodney,2020-04-12 09:57:50
76561198044815252,Chapter I completed,2020-04-08 07:39:33
76561198044815252,Chapter II completed,2020-04-08 08:56:07
76561198044815252,Chapter III completed,2020-04-11 12:26:38
76561198044815252,Chapter IV completed,2020-04-11 13:36:44
76561198044815252,Chapter V completed,2020-04-12 10:20:11
76561198044815252,Eat well stay healthy,2020-04-08 07:46:52
76561198044815252,Scratches or no scratches,2020-04-08 05:29:54
76561198059754051,Welcome to Sgathan Dub,2020-03-17 17:23:40
76561198059754051,Running with scissors,2020-03-17 20:03:06
76561198059754051,Bette & Joan,2020-03-19 18:41:39
76561198059754051,Elevator Music,2020-03-18 20:52:05
76561198059754051,Profondo Rosso,2020-03-18 21:21:03
76561198059754051,Enter the Posel Smrti ,2020-03-19 19:00:01
76561198059754051,I can't breathe,2020-03-17 21:46:12
76561198059754051,I still can't breathe,2020-03-18 20:41:46
76561198059754051,False step made by standing still,2020-03-19 19:02:27
76561198059754051,20.000 miles under the sea,2020-03-18 20:19:48
76561198059754051,Roses are red Violets are blue,2020-03-18 20:41:09
76561198059754051,Caught a Ghost,2020-03-18 20:54:46
76561198059754051,We are not in Biddeford anymore,2020-03-18 23:07:07
76561198059754051,Just like Rodney,2020-03-19 18:49:54
76561198059754051,Chapter I completed,2020-03-17 21:43:09
76561198059754051,Chapter II completed,2020-03-18 20:22:59
76561198059754051,Chapter III completed,2020-03-18 21:54:39
76561198059754051,Chapter IV completed,2020-03-18 23:15:01
76561198059754051,Chapter V completed,2020-03-19 19:16:02
76561198059754051,Eat well stay healthy,2020-03-18 18:26:17
76561198059754051,Scratches or no scratches,2020-03-17 19:47:09
76561198035508768,Welcome to Sgathan Dub,2019-06-15 05:49:39
76561198035508768,Running with scissors,2019-06-15 05:49:39
76561198035508768,Profondo Rosso,2019-11-03 01:50:26
76561198035508768,I can't breathe,2019-08-27 08:11:26
76561198035508768,I still can't breathe,2019-11-02 19:04:08
76561198035508768,20.000 miles under the sea,2019-11-01 04:24:59
76561198035508768,Roses are red Violets are blue,2019-11-02 19:03:23
76561198035508768,Caught a Ghost,2019-11-02 18:49:22
76561198035508768,Chapter I completed,2019-08-27 08:08:23
76561198035508768,Chapter II completed,2019-11-01 04:28:03
76561198035508768,Chapter III completed,2019-11-03 02:23:51
76561198035508768,Eat well stay healthy,2019-11-01 03:14:18
76561198035508768,Scratches or no scratches,2019-06-15 05:49:39
76561198031614337,Welcome to Sgathan Dub,2019-08-31 14:59:35
76561198031614337,Running with scissors,2019-08-31 15:43:46
76561198031614337,Bette & Joan,2019-08-31 20:13:21
76561198031614337,Elevator Music,2019-08-31 17:36:16
76561198031614337,Profondo Rosso,2019-08-31 18:36:11
76561198031614337,Enter the Posel Smrti ,2019-08-31 20:32:27
76561198031614337,I can't breathe,2019-08-31 16:20:29
76561198031614337,I still can't breathe,2019-08-31 17:57:59
76561198031614337,False step made by standing still,2019-08-31 20:34:32
76561198031614337,20.000 miles under the sea,2019-08-31 17:22:08
76561198031614337,Roses are red Violets are blue,2019-08-31 17:57:08
76561198031614337,Caught a Ghost,2019-08-31 17:46:47
76561198031614337,We are not in Biddeford anymore,2019-08-31 19:54:19
76561198031614337,Just like Rodney,2019-08-31 20:23:39
76561198031614337,Chapter I completed,2019-08-31 16:16:40
76561198031614337,Chapter II completed,2019-08-31 17:24:58
76561198031614337,Chapter III completed,2019-08-31 18:52:15
76561198031614337,Chapter IV completed,2019-08-31 20:01:53
76561198031614337,Chapter V completed,2019-08-31 20:47:38
76561198031614337,Eat well stay healthy,2019-08-31 16:23:08
76561198031614337,Scratches or no scratches,2019-08-31 15:31:25
76561197961299609,Welcome to Sgathan Dub,2019-06-26 17:01:56
76561197961299609,Running with scissors,2019-06-27 15:47:29
76561197961299609,Bette & Joan,2019-06-29 11:38:56
76561197961299609,Profondo Rosso,2019-06-29 05:29:53
76561197961299609,Enter the Posel Smrti ,2019-06-29 12:02:00
76561197961299609,I can't breathe,2019-06-28 15:37:07
76561197961299609,I still can't breathe,2019-06-29 05:21:44
76561197961299609,False step made by standing still,2019-06-29 12:04:52
76561197961299609,20.000 miles under the sea,2019-06-28 16:43:44
76561197961299609,Roses are red Violets are blue,2019-06-29 05:21:09
76561197961299609,Caught a Ghost,2019-06-28 17:01:37
76561197961299609,We are not in Biddeford anymore,2019-06-29 07:04:16
76561197961299609,Just like Rodney,2019-06-29 11:57:14
76561197961299609,Chapter I completed,2019-06-28 15:34:13
76561197961299609,Chapter II completed,2019-06-28 16:46:37
76561197961299609,Chapter III completed,2019-06-29 05:45:43
76561197961299609,Chapter IV completed,2019-06-29 07:11:42
76561197961299609,Chapter V completed,2019-06-29 12:20:59
76561197961299609,Eat well stay healthy,2019-06-28 15:39:38
76561197961299609,Scratches or no scratches,2019-06-27 15:26:11
76561198096865325,Welcome to Sgathan Dub,2017-11-29 09:37:49
76561198096865325,Running with scissors,2017-11-29 10:15:43
76561198096865325,Bette & Joan,2017-11-29 13:36:19
76561198096865325,Elevator Music,2017-11-29 12:21:51
76561198096865325,Profondo Rosso,2017-11-29 12:36:57
76561198096865325,Enter the Posel Smrti ,2017-11-29 13:48:00
76561198096865325,I can't breathe,2017-11-29 10:36:09
76561198096865325,I still can't breathe,2017-11-29 12:04:30
76561198096865325,False step made by standing still,2017-11-29 13:49:58
76561198096865325,20.000 miles under the sea,2017-11-29 11:39:25
76561198096865325,Roses are red Violets are blue,2017-11-29 12:03:55
76561198096865325,Caught a Ghost,2017-11-29 12:23:50
76561198096865325,We are not in Biddeford anymore,2017-11-29 13:26:10
76561198096865325,Just like Rodney,2017-11-29 13:41:57
76561198096865325,Chapter I completed,2017-11-29 10:33:26
76561198096865325,Chapter II completed,2017-11-29 11:41:49
76561198096865325,Chapter III completed,2017-11-29 12:50:10
76561198096865325,Chapter IV completed,2017-11-29 13:31:38
76561198096865325,Chapter V completed,2017-11-29 14:00:43
76561198096865325,Eat well stay healthy,2017-11-29 11:00:25
76561198096865325,Scratches or no scratches,2017-11-29 10:05:29
76561197960642654,Welcome to Sgathan Dub,2019-02-16 17:17:54
76561197960642654,Running with scissors,2019-02-16 17:56:43
76561197960642654,Bette & Joan,2019-02-23 10:42:28
76561197960642654,Elevator Music,2019-02-23 11:54:54
76561197960642654,Profondo Rosso,2019-02-17 17:50:11
76561197960642654,Enter the Posel Smrti ,2019-02-23 11:23:15
76561197960642654,I can't breathe,2019-02-16 18:11:54
76561197960642654,I still can't breathe,2019-02-17 17:24:21
76561197960642654,False step made by standing still,2019-02-23 11:26:54
76561197960642654,20.000 miles under the sea,2019-02-17 17:06:27
76561197960642654,Roses are red Violets are blue,2019-02-17 17:23:46
76561197960642654,Caught a Ghost,2019-02-17 17:35:32
76561197960642654,We are not in Biddeford anymore,2019-02-20 20:28:19
76561197960642654,Just like Rodney,2019-02-23 11:20:54
76561197960642654,Chapter I completed,2019-02-16 18:08:08
76561197960642654,Chapter II completed,2019-02-17 17:09:24
76561197960642654,Chapter III completed,2019-02-17 18:03:39
76561197960642654,Chapter IV completed,2019-02-20 20:35:03
76561197960642654,Chapter V completed,2019-02-23 11:39:09
76561197960642654,Eat well stay healthy,2019-02-16 18:13:21
76561197960642654,Scratches or no scratches,2019-02-16 17:47:00
76561198104936912,Welcome to Sgathan Dub,2019-02-16 23:23:20
76561198104936912,Running with scissors,2019-02-17 00:15:44
76561198104936912,Bette & Joan,2019-02-17 22:56:38
76561198104936912,Elevator Music,2019-02-18 00:06:05
76561198104936912,Profondo Rosso,2019-02-17 19:39:00
76561198104936912,Enter the Posel Smrti ,2019-02-17 23:15:35
76561198104936912,I can't breathe,2019-02-17 01:04:50
76561198104936912,I still can't breathe,2019-02-17 19:31:09
76561198104936912,False step made by standing still,2019-02-17 23:19:30
76561198104936912,20.000 miles under the sea,2019-02-17 07:16:26
76561198104936912,Roses are red Violets are blue,2019-02-17 19:30:30
76561198104936912,Caught a Ghost,2019-02-17 07:36:09
76561198104936912,We are not in Biddeford anymore,2019-02-17 22:30:06
76561198104936912,Just like Rodney,2019-02-17 23:05:42
76561198104936912,Chapter I completed,2019-02-17 01:01:41
76561198104936912,Chapter II completed,2019-02-17 07:19:21
76561198104936912,Chapter III completed,2019-02-17 19:56:37
76561198104936912,Chapter IV completed,2019-02-17 22:32:46
76561198104936912,Chapter V completed,2019-02-17 23:34:57
76561198104936912,Eat well stay healthy,2019-02-17 01:09:48
76561198104936912,Scratches or no scratches,2019-02-16 23:53:02
76561198137550973,Welcome to Sgathan Dub,2019-02-04 03:20:29
76561198137550973,Running with scissors,2019-02-13 22:42:32
76561198137550973,Bette & Joan,2019-02-15 04:12:33
76561198137550973,Profondo Rosso,2019-02-14 04:40:27
76561198137550973,Enter the Posel Smrti ,2019-02-15 04:34:24
76561198137550973,I can't breathe,2019-02-14 01:11:48
76561198137550973,I still can't breathe,2019-02-14 03:48:00
76561198137550973,False step made by standing still,2019-02-15 04:40:08
76561198137550973,20.000 miles under the sea,2019-02-14 02:49:25
76561198137550973,Roses are red Violets are blue,2019-02-14 03:47:20
76561198137550973,Caught a Ghost,2019-02-14 04:23:06
76561198137550973,We are not in Biddeford anymore,2019-02-15 03:57:22
76561198137550973,Just like Rodney,2019-02-15 04:21:56
76561198137550973,Chapter I completed,2019-02-14 01:08:41
76561198137550973,Chapter II completed,2019-02-14 02:52:19
76561198137550973,Chapter III completed,2019-02-14 05:04:54
76561198137550973,Chapter IV completed,2019-02-15 04:05:14
76561198137550973,Chapter V completed,2019-02-15 04:54:34
76561198137550973,Eat well stay healthy,2019-02-14 01:21:49
76561198137550973,Scratches or no scratches,2019-02-13 22:26:17
76561198074632130,Welcome to Sgathan Dub,2018-06-23 16:18:09
76561198074632130,Running with scissors,2018-06-23 20:17:10
76561198074632130,Bette & Joan,2019-03-23 20:34:12
76561198074632130,Elevator Music,2018-06-27 08:26:00
76561198074632130,Profondo Rosso,2018-06-27 08:54:38
76561198074632130,Enter the Posel Smrti ,2019-03-23 20:34:12
76561198074632130,I can't breathe,2018-06-24 08:18:03
76561198074632130,I still can't breathe,2018-06-25 15:01:40
76561198074632130,False step made by standing still,2019-03-23 20:34:12
76561198074632130,20.000 miles under the sea,2018-06-24 22:45:40
76561198074632130,Roses are red Violets are blue,2018-06-25 15:01:40
76561198074632130,Caught a Ghost,2018-06-27 08:28:17
76561198074632130,We are not in Biddeford anymore,2019-03-23 20:34:12
76561198074632130,Just like Rodney,2019-03-23 20:34:12
76561198074632130,Chapter I completed,2018-06-24 08:14:47
76561198074632130,Chapter II completed,2018-06-24 22:48:39
76561198074632130,Chapter III completed,2018-06-27 09:16:44
76561198074632130,Chapter IV completed,2019-03-23 20:34:12
76561198074632130,Chapter V completed,2019-03-23 20:34:12
76561198074632130,Eat well stay healthy,2018-06-24 08:19:53
76561198074632130,Scratches or no scratches,2018-06-23 19:41:36
76561198076487302,Welcome to Sgathan Dub,2018-09-17 20:37:04
76561198076487302,Running with scissors,2018-09-17 22:41:36
76561198076487302,Bette & Joan,2018-09-18 04:34:57
76561198076487302,Elevator Music,2018-09-18 02:10:33
76561198076487302,Profondo Rosso,2018-09-18 02:44:12
76561198076487302,Enter the Posel Smrti ,2018-09-18 04:51:45
76561198076487302,I can't breathe,2018-09-17 23:07:41
76561198076487302,I still can't breathe,2018-09-18 01:53:46
76561198076487302,False step made by standing still,2018-09-18 04:54:03
76561198076487302,20.000 miles under the sea,2018-09-17 23:56:35
76561198076487302,Roses are red Violets are blue,2018-09-18 01:53:04
76561198076487302,Caught a Ghost,2018-09-18 02:16:55
76561198076487302,We are not in Biddeford anymore,2018-09-18 04:22:50
76561198076487302,Just like Rodney,2018-09-18 04:43:42
76561198076487302,Chapter I completed,2018-09-17 23:04:29
76561198076487302,Chapter II completed,2018-09-17 23:59:37
76561198076487302,Chapter III completed,2018-09-18 02:58:13
76561198076487302,Chapter IV completed,2018-09-18 04:28:47
76561198076487302,Chapter V completed,2018-09-18 05:06:51
76561198076487302,Eat well stay healthy,2018-09-17 23:09:56
76561198076487302,Scratches or no scratches,2018-09-17 22:20:04
76561197991921123,Welcome to Sgathan Dub,2018-09-09 05:10:54
76561197991921123,Running with scissors,2018-09-09 05:52:44
76561197991921123,Bette & Joan,2018-09-13 06:27:54
76561197991921123,Elevator Music,2018-09-10 07:01:39
76561197991921123,Profondo Rosso,2018-09-12 07:36:11
76561197991921123,Enter the Posel Smrti ,2018-09-13 06:50:35
76561197991921123,I can't breathe,2018-09-09 06:18:57
76561197991921123,I still can't breathe,2018-09-12 07:08:53
76561197991921123,False step made by standing still,2018-09-13 06:53:01
76561197991921123,20.000 miles under the sea,2018-09-10 06:37:33
76561197991921123,Roses are red Violets are blue,2018-09-12 07:08:18
76561197991921123,Caught a Ghost,2018-09-10 07:05:35
76561197991921123,We are not in Biddeford anymore,2018-09-13 06:09:06
76561197991921123,Just like Rodney,2018-09-13 06:39:20
76561197991921123,Chapter I completed,2018-09-09 06:16:02
76561197991921123,Chapter II completed,2018-09-10 06:40:35
76561197991921123,Chapter III completed,2018-09-12 08:02:54
76561197991921123,Chapter IV completed,2018-09-13 06:16:40
76561197991921123,Chapter V completed,2018-09-13 07:10:23
76561197991921123,Eat well stay healthy,2018-09-10 05:35:48
76561197991921123,Scratches or no scratches,2018-09-09 05:40:00
76561198168716605,Welcome to Sgathan Dub,2018-09-08 16:35:37
76561198168716605,Running with scissors,2018-09-08 17:12:01
76561198168716605,Elevator Music,2018-09-08 19:07:05
76561198168716605,Profondo Rosso,2018-09-08 19:47:27
76561198168716605,I can't breathe,2018-09-08 17:30:19
76561198168716605,I still can't breathe,2018-09-08 19:39:48
76561198168716605,20.000 miles under the sea,2018-09-08 19:00:11
76561198168716605,Roses are red Violets are blue,2018-09-08 19:39:12
76561198168716605,Caught a Ghost,2018-09-08 19:10:46
76561198168716605,Chapter I completed,2018-09-08 17:27:52
76561198168716605,Chapter II completed,2018-09-08 19:02:10
76561198168716605,Chapter III completed,2018-09-08 19:59:58
76561198168716605,Eat well stay healthy,2018-09-08 18:22:51
76561198168716605,Scratches or no scratches,2018-09-08 17:05:38
76561198011515841,Welcome to Sgathan Dub,2018-03-05 00:47:45
76561198011515841,Running with scissors,2018-03-05 04:29:40
76561198011515841,Elevator Music,2018-03-07 01:37:30
76561198011515841,I can't breathe,2018-03-06 02:08:08
76561198011515841,20.000 miles under the sea,2018-03-07 01:20:42
76561198011515841,Caught a Ghost,2018-03-07 04:08:39
76561198011515841,Chapter I completed,2018-03-06 02:04:50
76561198011515841,Chapter II completed,2018-03-07 01:23:39
76561198011515841,Eat well stay healthy,2018-03-06 02:11:46
76561198011515841,Scratches or no scratches,2018-03-05 01:28:27
76561198142024174,Welcome to Sgathan Dub,2018-01-06 02:11:12
76561198142024174,Running with scissors,2018-01-06 03:26:34
76561198142024174,Bette & Joan,2018-03-12 01:28:11
76561198142024174,Profondo Rosso,2018-01-09 22:15:42
76561198142024174,Enter the Posel Smrti ,2018-03-12 01:49:24
76561198142024174,I can't breathe,2018-01-06 19:29:10
76561198142024174,I still can't breathe,2018-01-09 22:03:32
76561198142024174,False step made by standing still,2018-03-12 01:55:05
76561198142024174,20.000 miles under the sea,2018-01-06 21:23:14
76561198142024174,Roses are red Violets are blue,2018-01-09 22:02:54
76561198142024174,Caught a Ghost,2018-01-09 05:30:39
76561198142024174,We are not in Biddeford anymore,2018-03-12 00:57:37
76561198142024174,Just like Rodney,2018-03-12 01:42:14
76561198142024174,Chapter I completed,2018-01-06 19:24:52
76561198142024174,Chapter II completed,2018-01-06 21:26:23
76561198142024174,Chapter III completed,2018-01-09 22:35:25
76561198142024174,Chapter IV completed,2018-03-12 01:06:02
76561198142024174,Chapter V completed,2018-03-12 02:15:43
76561198142024174,Eat well stay healthy,2018-01-06 19:33:55
76561198142024174,Scratches or no scratches,2018-01-06 03:07:45
76561198049379938,Welcome to Sgathan Dub,2017-11-29 19:27:34
76561198049379938,Running with scissors,2017-11-29 20:28:56
76561198049379938,Bette & Joan,2017-12-01 22:35:50
76561198049379938,Elevator Music,2017-11-29 23:14:23
76561198049379938,Profondo Rosso,2017-12-01 21:07:48
76561198049379938,Enter the Posel Smrti ,2017-12-01 22:55:27
76561198049379938,I can't breathe,2017-11-29 21:05:00
76561198049379938,I still can't breathe,2017-11-30 21:17:39
76561198049379938,False step made by standing still,2017-12-01 22:58:10
76561198049379938,20.000 miles under the sea,2017-11-29 23:06:03
76561198049379938,Roses are red Violets are blue,2017-11-30 21:17:39
76561198049379938,Caught a Ghost,2017-11-29 23:18:40
76561198049379938,We are not in Biddeford anymore,2017-12-01 22:26:19
76561198049379938,Just like Rodney,2017-12-01 22:52:53
76561198049379938,Chapter I completed,2017-11-29 21:02:37
76561198049379938,Chapter II completed,2017-11-29 23:08:27
76561198049379938,Chapter III completed,2017-12-01 21:42:14
76561198049379938,Chapter IV completed,2017-12-01 22:30:53
76561198049379938,Chapter V completed,2017-12-01 23:12:06
76561198049379938,Eat well stay healthy,2017-11-29 21:06:44
76561198049379938,Scratches or no scratches,2017-11-29 19:50:33
76561197988398097,Welcome to Sgathan Dub,2017-12-01 19:04:27
76561197988398097,Running with scissors,2017-12-02 06:02:38
76561197988398097,Bette & Joan,2017-12-02 18:00:22
76561197988398097,Elevator Music,2017-12-02 09:51:52
76561197988398097,Profondo Rosso,2017-12-02 12:03:01
76561197988398097,Enter the Posel Smrti ,2017-12-03 04:42:18
76561197988398097,I can't breathe,2017-12-02 07:25:34
76561197988398097,I still can't breathe,2017-12-02 10:08:10
76561197988398097,False step made by standing still,2017-12-03 04:45:17
76561197988398097,20.000 miles under the sea,2017-12-02 09:40:30
76561197988398097,Roses are red Violets are blue,2017-12-02 10:07:32
76561197988398097,Caught a Ghost,2017-12-02 09:54:11
76561197988398097,We are not in Biddeford anymore,2017-12-02 17:40:05
76561197988398097,Just like Rodney,2017-12-03 04:29:22
76561197988398097,Chapter I completed,2017-12-02 07:22:14
76561197988398097,Chapter II completed,2017-12-02 09:44:33
76561197988398097,Chapter III completed,2017-12-02 12:22:32
76561197988398097,Chapter IV completed,2017-12-02 17:48:09
76561197988398097,Chapter V completed,2017-12-03 05:01:04
76561197988398097,Eat well stay healthy,2017-12-02 07:27:25
76561197988398097,Scratches or no scratches,2017-12-02 05:12:53
76561198006294938,Welcome to Sgathan Dub,2017-11-28 20:24:47
76561198006294938,Running with scissors,2017-12-02 13:58:43
76561198006294938,Bette & Joan,2017-12-02 20:14:56
76561198006294938,Profondo Rosso,2017-12-02 18:27:14
76561198006294938,Enter the Posel Smrti ,2017-12-02 20:59:58
76561198006294938,I can't breathe,2017-12-02 14:17:56
76561198006294938,I still can't breathe,2017-12-02 18:18:58
76561198006294938,False step made by standing still,2017-12-02 21:02:21
76561198006294938,20.000 miles under the sea,2017-12-02 17:01:49
76561198006294938,Roses are red Violets are blue,2017-12-02 18:18:21
76561198006294938,Caught a Ghost,2017-12-02 17:38:20
76561198006294938,We are not in Biddeford anymore,2017-12-02 19:55:28
76561198006294938,Just like Rodney,2017-12-02 20:21:50
76561198006294938,Chapter I completed,2017-12-02 14:14:55
76561198006294938,Chapter II completed,2017-12-02 17:04:51
76561198006294938,Chapter III completed,2017-12-02 18:46:11
76561198006294938,Chapter IV completed,2017-12-02 20:03:09
76561198006294938,Chapter V completed,2017-12-02 21:14:53
76561198006294938,Eat well stay healthy,2017-12-02 14:23:11
76561198006294938,Scratches or no scratches,2017-12-02 13:42:52
76561197988531103,Welcome to Sgathan Dub,2017-12-01 23:42:26
76561197988531103,Running with scissors,2017-12-02 00:40:59
76561197988531103,Bette & Joan,2017-12-02 15:58:02
76561197988531103,Elevator Music,2017-12-02 03:32:01
76561197988531103,Profondo Rosso,2017-12-02 03:57:47
76561197988531103,Enter the Posel Smrti ,2017-12-02 17:19:54
76561197988531103,I can't breathe,2017-12-02 00:59:57
76561197988531103,I still can't breathe,2017-12-02 03:19:48
76561197988531103,False step made by standing still,2017-12-02 17:22:45
76561197988531103,20.000 miles under the sea,2017-12-02 02:52:00
76561197988531103,Roses are red Violets are blue,2017-12-02 03:19:09
76561197988531103,Caught a Ghost,2017-12-02 03:35:51
76561197988531103,We are not in Biddeford anymore,2017-12-02 05:04:00
76561197988531103,Just like Rodney,2017-12-02 16:10:55
76561197988531103,Chapter I completed,2017-12-02 00:56:52
76561197988531103,Chapter II completed,2017-12-02 02:55:01
76561197988531103,Chapter III completed,2017-12-02 04:13:17
76561197988531103,Chapter IV completed,2017-12-02 05:11:43
76561197988531103,Chapter V completed,2017-12-02 17:49:09
76561197988531103,Eat well stay healthy,2017-12-02 02:15:45
76561197988531103,Scratches or no scratches,2017-12-02 00:31:14
76561198151127775,Welcome to Sgathan Dub,2017-11-30 19:19:29
76561198151127775,Running with scissors,2017-11-30 20:01:26
76561198151127775,Bette & Joan,2017-12-01 19:08:44
76561198151127775,Elevator Music,2017-12-01 12:48:55
76561198151127775,Profondo Rosso,2017-12-01 16:50:30
76561198151127775,Enter the Posel Smrti ,2017-12-01 19:28:11
76561198151127775,I can't breathe,2017-11-30 20:22:47
76561198151127775,I still can't breathe,2017-12-01 12:32:52
76561198151127775,False step made by standing still,2017-12-01 19:30:52
76561198151127775,20.000 miles under the sea,2017-11-30 21:51:05
76561198151127775,Roses are red Violets are blue,2017-12-01 12:32:16
76561198151127775,Caught a Ghost,2017-12-01 12:51:23
76561198151127775,We are not in Biddeford anymore,2017-12-01 18:53:16
76561198151127775,Just like Rodney,2017-12-01 19:17:13
76561198151127775,Chapter I completed,2017-11-30 20:19:44
76561198151127775,Chapter II completed,2017-11-30 21:54:03
76561198151127775,Chapter III completed,2017-12-01 17:06:43
76561198151127775,Chapter IV completed,2017-12-01 19:01:01
76561198151127775,Chapter V completed,2017-12-01 19:44:17
76561198151127775,Eat well stay healthy,2017-11-30 20:47:34
76561198151127775,Scratches or no scratches,2017-11-30 19:48:58
76561198026724823,Welcome to Sgathan Dub,2017-11-30 16:36:09
76561198026724823,Running with scissors,2017-11-30 17:33:08
76561198026724823,Bette & Joan,2017-12-01 18:04:55
76561198026724823,Elevator Music,2017-12-01 15:56:13
76561198026724823,Profondo Rosso,2017-12-01 16:27:02
76561198026724823,Enter the Posel Smrti ,2017-12-04 15:05:24
76561198026724823,I can't breathe,2017-11-30 17:56:21
76561198026724823,I still can't breathe,2017-12-01 15:34:07
76561198026724823,False step made by standing still,2017-12-04 15:09:41
76561198026724823,20.000 miles under the sea,2017-12-01 15:11:02
76561198026724823,Roses are red Violets are blue,2017-12-01 15:33:28
76561198026724823,Caught a Ghost,2017-12-01 16:00:22
76561198026724823,We are not in Biddeford anymore,2017-12-01 17:50:59
76561198026724823,Just like Rodney,2017-12-01 18:14:57
76561198026724823,Chapter I completed,2017-11-30 17:53:08
76561198026724823,Chapter II completed,2017-12-01 15:14:17
76561198026724823,Chapter III completed,2017-12-01 16:42:34
76561198026724823,Chapter IV completed,2017-12-01 17:57:26
76561198026724823,Chapter V completed,2017-12-04 15:38:23
76561198026724823,Eat well stay healthy,2017-11-30 17:59:21
76561198026724823,Scratches or no scratches,2017-11-30 16:59:56
76561198041474298,Welcome to Sgathan Dub,2017-11-29 20:28:24
76561198041474298,Running with scissors,2017-11-29 21:56:32
76561198041474298,Elevator Music,2017-12-16 23:25:31
76561198041474298,Profondo Rosso,2017-12-17 15:41:49
76561198041474298,I can't breathe,2017-11-29 22:45:33
76561198041474298,I still can't breathe,2017-12-17 15:35:15
76561198041474298,20.000 miles under the sea,2017-12-16 23:11:48
76561198041474298,Roses are red Violets are blue,2017-12-17 15:34:37
76561198041474298,Caught a Ghost,2017-12-16 23:28:01
76561198041474298,Chapter I completed,2017-11-29 22:42:25
76561198041474298,Chapter II completed,2017-12-16 23:14:45
76561198041474298,Chapter III completed,2017-12-17 15:55:44
76561198041474298,Eat well stay healthy,2017-11-30 20:02:42
76561198041474298,Scratches or no scratches,2017-11-29 21:17:45
76561198089351474,Welcome to Sgathan Dub,2017-11-29 02:21:50
76561198089351474,Running with scissors,2017-11-29 02:57:24
76561198089351474,Bette & Joan,2017-12-14 03:32:23
76561198089351474,Elevator Music,2017-12-14 00:58:43
76561198089351474,Profondo Rosso,2017-12-14 01:56:12
76561198089351474,Enter the Posel Smrti ,2017-12-14 04:02:21
76561198089351474,I can't breathe,2017-11-29 04:00:45
76561198089351474,I still can't breathe,2017-12-14 00:46:44
76561198089351474,False step made by standing still,2017-12-14 04:06:21
76561198089351474,20.000 miles under the sea,2017-12-14 00:23:40
76561198089351474,Roses are red Violets are blue,2017-12-14 00:46:08
76561198089351474,Caught a Ghost,2017-12-14 01:01:13
76561198089351474,We are not in Biddeford anymore,2017-12-14 03:16:36
76561198089351474,Just like Rodney,2017-12-14 03:52:52
76561198089351474,Chapter I completed,2017-11-29 03:57:42
76561198089351474,Chapter II completed,2017-12-14 00:26:46
76561198089351474,Chapter III completed,2017-12-14 02:12:44
76561198089351474,Chapter IV completed,2017-12-14 03:24:27
76561198089351474,Chapter V completed,2017-12-14 04:20:28
76561198089351474,Eat well stay healthy,2017-11-29 04:02:34
76561198089351474,Scratches or no scratches,2017-11-29 02:44:48
